{"cameraMode":{"drawMode":0,"name":"Shaded","section":"Shading Mode"},"sceneLighting":true,"audioPlay":false,"sceneViewState":{"showFog":true,"showMaterialUpdate":false,"showSkybox":false,"showFlares":true,"showImageEffects":true,"showParticleSystems":true},"in2DMode":false,"pivot":{"x":-0.16496571898460389,"y":3.052238702774048,"z":0.7125250101089478},"rotation":{"x":-0.5660815238952637,"y":0.01162004191428423,"z":-0.007980786263942719,"w":-0.8242328763008118},"size":0.7197574377059937,"orthographic":false}